Abuse,
Abuse woman,
Abuse child,
Abuse man,
Domestic abuse,
abs,
Access,
Internet access,
Data access,
Access denied,
Wheelchair access,
Car accident,
Work accident,
Motorcycle accident,
Bicycle accident,
Bicycle accident,
Bank account,
Abundance,
Academic,
Academic achievement,
Academic achievement,
Academic background,
Academic education,
Acceptance,
Accessibility,
Accountant,
Accountant at work,
Accountant at work,
Accountant and client,
Accountant documents,
Accounting,
Tax accounting,
Accounting report,
Achievement,
Business achievement,
Career achievement,
Team achievement,
Sports achievement,
Acid,
Acoustic,
Active seniors,
Active family,
Active woman,
Active man,
Active kids,
Active holiday,
Outdoor activity,
Business activity,
Actor,
Actress,
acupuncture,
Adhesive,
Administration,
System administrator,
Adopt,
Adoption,
adoption dog,
adoption pet,
Adult education,
Adult student,
Adult learning,
Adult couple,
Adult friends,
Adult lifestyle,
Outdoor adventure,
Hiking adventure,
Adventure couple,
Billboard advertisement,
 Advertising woman,
 Advertising man,
 Advertising child,
Advice,
africa education,
Affection,
Afraid,
Africa water,
Africa water,
Age diversity,
Agency,
Agenda,
Agent,
Real estate agent,
Insurance agent,
Aggression,
Agility,
Urban agriculture,
First aid,
Medical aid,
Airbag,
Aircraft,
Airport,
airport waiting,
airport security,
luggage airport,
taxi airport,
airport woman,
airport man,
airport family,
Alarm,
Alarm clock,
Fire alarm,
Security alarm,
Alcohol no,
Alcohol drink,
Alcohol addiction,
Alcohol abuse,
Alcohol party,
Alien,
Food allergy,
Skin allergy,
Seasonal allergy,
Pet allergy,
Almond,
Alone,
Aluminium,
Amazement,
Ambulance,
America,
Angel,
Anger,
anger mother,
anger parent,
Ankle,
Anniversary,
anniversary wedding,
50 anniversary,
20 anniversary,
celebration anniversary,
Anonymous,
Answer,
Ant,
Anticipation,
Anxiety,
rent apartment,
Apology,
app mobile,
apple tree,
apple background,
application job,
appointment doctor,
schedule appointment,
Approval,
architect plan,
architect ,
Archive,
Arena,
Argue,
Argument,
Army,
Arrest,
makeup artist,
graffiti artist,
artist painting,
Assessment,
assistance child,
assistance car,
assistance medical,
assistance senior,
assistance business,
assistance wheelchair,
assortment sweet,
selection assortment,
Assurance,
Astonishment,
Asthma,
athlete woman,
athlete silhouette,
Atom,
panic attack,
attack heart,
Attorney,
Auction,
Audience,
Audio,
mechanic auto,
transport auto,
auto insurance,
auto clean,
auto road,
avocado tree,
avocado background,
Award,
winner award,
awareness ribbon,
awareness cancer,
awareness doctor,
Awkward,
atm,
ac,
asparagus,
almond ,
baby bath,
sleeping baby,
baby smiling,
Backyard,
Bacon,
Bad,
Badminton,
Bag,
shopping bag,
burlap bag,
grocery bag,
plastic bag,
bag money,
Baggage,
balcony woman,
balcony garden,
balcony people,
soccer ball,
tennis ball,
golf ball,
bowling ball,
Ballet,
balloon party,
balloon heart,
banana tree,
banana background,
band music,
Bandage,
bank piggy,
banking online,
banking investment,
drinks bar,
barbecue grill,
barbecue family,
barbecue party,
Barber,
Barefoot,
Barrel,
Baseball,
picnic basket,
laundry basket,
basket shopping woman,
Basketball,
Bath,
Battery,
sprout bean,
cocoa bean,
bean coffee,
beans green,
beauty salon,
natural beauty,
therapist beauty,
bed woman,
bed couple,
bed kid,
bed man,
honey bee,
Beer,
beer bottle,
tap beer,
bell service,
bell hotel,
belt seat,
berries mixed,
berries frozen,
berries wild,
berries hand,
Beverage factory,
Bible,
bicycle urban,
Bike,
pay bill,
Bin,
Binary,
celebration birthday kid,
celebration birthday senior,
celebration birthday couple,
celebration birthday family,
mosquito bite,
bite dog,
Blackberry,
Blame,
Blood,
donate blood,
Blow,
blow kiss,
blueprint house,
boat fishing,
waxing body,
boil water,
Bomb,
bone dog,
Bonus,
book woman,
book man,
book child,
boss angry,
boss female,
boutique clothing,
gift box hand,
mail box,
mystery box,
boxing glove,
boxing woman,
Boyfriend  home,
Brake,
olive branch,
Brand ,
Brandy,
baking bread,
breakfast family,
breakfast woman,
breakfast kid,
breakfast couple,
breakfast cooking,
Breath,
brew beer,
brick worker,
Briefcase,
Broadcast,
broken heart,
broken car,
broken glass,
broken phone,
Brother,
paint brush,
tooth brush,
tooth brush kid,
tooth brush woman,
tooth brush man,
bubble speech hand,
bucket paint,
bucket ice,
popcorn bucket,
mop bucket,
Buddy,
Builder,
Bullet,
Bulletin,
Bully,
Burglar,
Bus,
busy street,
busy office,
mom busy,
busy woman,
busy man,
busy parent,
butter ,
start button,
buyer car,
buyer home,
buyer happy,
buyer shop,
bride,
shop baker,
basil ,
broccoli,
barista,
latte barista,
bamboo,
butcher ,
botox,
cable network,
cable,
Cactus,
sidewalk cafe,
cafe woman,
cafe man,
cafe friends,
Cage,
calculator money,
call phone,
call phone senior,
call phone child,
call center,
conference call,
calm woman,
camera video,
spy camera,
camera security,
camera hand,
camp kids,
camp fire,
camp summer,
camping tent,
camping family,
camping friendship,
university campus,
campus students,
Cancer,
candy background,
sugar cane,
cane walking,
cane senior,
graduation cap,
superhero cape,
key car,
car driver,
car smoking,
car tire,
elderly care,
skin care,
Caregiver,
ship cargo,
cargo plane,
cargo truck,
cleaning carpet,
carrot juice,
carrot soil,
carrot hand,
carry box,
shopping cart,
cart grocery,
study case,
cash counting,
cash ,
Casino,
vet cat,
cat mouse,
cat owner,
cat play,
Caution,
Ceiling worker,
celebration party kids,
celebration party friends,
Cell,
Cemetery,
Censorship,
ceramic pottery,
award ceremony,
ceremony wedding,
Certificate,
chain,
chalk drawing,
Champagne,
Champion,
change climate,
change oil,
Charcoal,
Charge,
Charity,
Chat,
Cheat,
checklist,
checking,
Cheer,
burger cheese eating,
cheesemaker ,
cheese hand,
Chef,
chef cooking,
pastry chef,
chef home,
chemical plant,
Chemistry kid,
chemistry laboratory,
treasure chest,
Chew,
Chicken farm,
Chicken holding,
sad child,
stethoscope child,
superhero child,
wheelchair child,
psychology child,
crying child,
child play,
child phone,
chili pepper tree,
chili pepper background,
chill out ,
chimney,
poker chip,
chip computer,
potato chips,
Chocolate,
Chocolate kid,
Chocolate girl,
Christian,
prayer church,
church,
Cigar,
Cigarette,
e-cigarette,
Cinema,
cinema home,
popcorn cinema,
classical music,
classroom adult,
preschool classroom,
classroom computer,
pottery clay,
Cleaner,
window cleaning,
housewife cleaning,
maid cleaning,
cleaning house,
oven clean,
dishes clean,
clean park,
clean beach,
Clerk,
attorney client,
client meeting,
client happy,
client feedback,
change climate,
climate control,
Climb business,
clinic dental,
clinic medical,
vet clinic,
Closet,
Clothes,
donate clothes,
hanger clothes,
ironing clothes,
clothes baby,
clothes woman choose,
clothes kid,
cloud computing,
club golf,
club night,
coach sports,
coach business,
waitress cocktail,
cocktail bar,
barman,
programming code,
binary code,
shop coffee,
morning coffee,
Coffee break,
Coffee to go,
Coffee machine,
Coin stack,
cold woman,
cold man,
cold kid,
weather cold,
collaboration team,
student college,
lecture college,
college students,
college student learn,
Collision,
Comedy,
Comic,
comment message,
volunteer community,
community service,
community garden,
community senior,
community ,
Competition business,
Compliance,
compost,
concept business,
happiness concept,
Concern,
Concert,
mixer concrete,
concrete worker,
conference video,
speaker conference,
press conference,
conference business,
conflict family,
conflict business,
conflict couple,
conflict mother,
console game,
construction worker,
construction site,
crane construction,
Consumer,
Contact,
shipping container,
contract sign,
quality control,
control pest,
control remote,
convenience store,
Cookie kid,
Cookie cooking,
campfire cooking,
grandma cooking,
cooking family,
cooking home,
cooking woman,
cooking man,
cooking couple,
cooking parent,
writer copy,
copyspace,
Copyright,
Corn,
harvest corn,
corn hand,
corridor office,
corridor hospital,
corridor college,
Corruption,
cosmetic surgery,
cosmetic dentistry,
cosmetic products,
cost ,
cotton ,
Cough,
dancing couple,
kiss couple,
Cough kid,
elderly couple,
gay couple,
lesbian couple,
basketball court,
tennis court,
court,
Cow milk,
Cow farm,
Cow vet,
Cow farmer,
Cowboy,
Crab,
crane construction,
crazy woman,
crazy man,
scientist crazy,
crime scene,
crime cyber,
crisis financial,
crisis family,
crowd people,
Cruise,
cry baby,
cry woman,
cry man,
cry school,
cry office,
Cucumber grow,
cucumber hand,
coffee cup hand,
support customer,
cycling group,
cycling family,
cycling woman,
cycling man,
cycling kid,
cpu,
cyber security,
chess,
coconut tree,
coconut milk,
coconuts,
Capsule woman,
capsule medicines,
Clean energy,
celery,
calories,
dad son,
dad daughter,
dad computer,
dad baby,
dairy products,
daisy girl,
daisy woman,
hurricane damage,
flood damage,
damage fire,
dancer,
danger sign,
danger child,
Database,
date ,
mother daughter,
earth day,
Deadline,
Dealer,
Death,
Debate,
Debt,
Defense,
delivery truck,
van delivery,
package delivery,
delivery man,
delivery food,
Pizza delivery,
dentist female,
dentist office,
dentist child,
dentist chair,
dentist smile,
dentist man,
dentist fear,
dentist pain,
depression woman,
depression man,
designer fashion,
designer graphic,
designer interior,
desktop computer woman,
desktop computer man,
detail car,
Dialogue,
Diamond,
Diary girl,
Diary woman,
Dice,
detox diet,
diet doctor,
diet woman,
pills diet,
diet man,
dig ,
dinner party,
dinner family,
dinner couple,
Diploma,
dirty water,
laundry dirty,
dishes dirty,
dirty shirt,
Disability,
disability learning,
disability child,
disability sport,
Disaster,
Discrimination,
discussion business,
discussion family,
disease heart,
disease rat,
dishwasher,
diversity business,
diversity people,
diversity children,
diversity friends,
diversity women,
Divorce,
doctor patient,
nurse female doctor,
Document search,
Document,
walking dog,
sunglasses dog,
violence domestic,
drawing kid,
drawing woman,
dress wedding,
Drill,
drink water woman,
drink water kid,
drink water sport,
drink water man,
drunk driver,
driver ,
truck driver,
Driving woman,
Driving man,
addiction drug,
drugs teen,
drug,
Drown,
Duck farm,
dj,
dna,
drone military,
drone ,
dough,
donate food,
donation toy,
diabetes ,
listen ear,
popcorn eating,
eating healthy woman,
eating healthy kid,
hamburger eating,
toddler eating,
dessert eating,
eating friends,
ecology food,
ecology growth,
education online,
special education,
education kid,
education student,
eggplant,
egg chicken,
egg farm,
Elbow,
elderly couple,
elderly woman,
elderly man,
plug electric,
electric car,
shock electric,
Electrician,
Electricity,
electronics recycling,
electronics repair,
electronics consumer,
electronics school,
Elevator,
Emergency,
emotion child,
emotion age,
energy green,
solar energy,
engagement ring,
engagement couple,
Engine,
engineer computer,
engineer electrical,
engineer civil,
engineer gas,
engineers,
teaching english,
Equality,
Error,
real estate,
exam eye,
exam doctor,
exam school,
specialist examination,
exercise woman home,
exercise woman gym,
exercise woman park,
exercise woman outdoor,
exercise man outdoor,
exercise man home,
exercise man gym,
Exit,
exotic fruit,
Experiment,
Expert,
Explosion,
glasses eye,
eyeglasses woman,
Eyebrow,
editing video,
ekg,
entrepreneur woman,
entrepreneur man,
espresso ,
Fact,
factory worker,
factory food,
pharmaceutical factory,
factory car,
cement factory,
robot factory,
picnic family,
family playing,
fan sports,
fan electric,
fan heat,
pig farm,
farm animals,
farmer market,
tractor farm,
wind farm,
farmer happy,
farming organic,
farming urban,
farming fish,
farming african,
fast delivery,
Fat diet,
Fat man,
Fat woman,
Fat child,
hug father,
fatigue work,
fatigue ,
Fear,
Feedback,
festival music,
festival food,
Fever,
baseball field,
wheat field,
lavender field,
football field,
sunflower field,
corn field,
fight pillow,
fighting ,
fighter fire,
folder file,
film strip,
filter water,
filter air,
analysis financial,
nails finger,
line finish,
firefighter,
camp fire,
fishing,
fish,
Fist,
fitness home,
classes fitness,
trainer fitness,
fitness outdoor,
flame gas,
flame home,
flight attendant,
Flood,
flour bag,
wheat flour,
flu vaccine,
flu woman,
flu man,
flu child,
flu virus,
Follower,
foot massage,
steps foot,
forecast weather,
Forest fire,
Fork hand,
seafood fresh,
friday black,
friend best,
friend dog,
passion fruit,
fuel ,
Funeral,
Furniture making,
Furniture shop,
Furniture online,
video game,
Gaming girl,
Gaming guy,
gaming friends,
gaming kid,
gaming senior,
garage sale,
garage ,
gardening woman,
gardening tools,
gardening kids,
gardening couple,
gardening senior,
garlic clove,
gas station,
gas ,
Gasoline,
Gate home,
heaven gate,
gathering people,
gathering family,
gathering women,
gay men,
gay pride,
gay wedding,
gender reveal,
gesture boy,
gesture girl,
gesture man,
disagree gesture,
positive gesture,
gift card woman,
gift give,
girlfriends flower,
girlfriend,
alcohol wine glass,
glass magnifying,
globe world,
glove baseball,
goal football,
goal soccer,
goal business,
goat ,
goat farm,
goat milk,
mining gold,
golf ball,
golf course,
golf man,
golf woman,
golf friends,
Goodbye,
graduate college,
graduate school,
graduate happy,
grandfather grandson,
grandfather nature,
grandfather man,
Grandmother kid,
grandmother daughter,
grandmother couple,
grandmother food,
grandmother nature,
grapefruit,
grapes wine,
grapes farmer,
Grave,
greenhouse farm,
greenhouse farmer,
greeting people,
bbq grill,
charcoal grill,
grill family,
grill man,
grill backyard,
store grocery,
grocery shopping woman,
grocery shopping man,
grocery shopping couple,
grocery shopping family,
grocery bag,
checkout grocery,
grocery phone,
grocery list,
Growth kid,
Growth business,
guarantee quality,
guitar electric,
guitar acoustic,
workout gym,
gym woman,
gymnastics girls,
gps,
Garbage truck,
garbage can,
garbage ,
goggles swimming,
Hacker,
salon hair,
color hair,
scissors hair,
haircut man,
haircut kids,
haircut woman,
hammer nail,
hammer judge,
hammer man,
Hamster,
handbag fashion,
handbag woman,
handcraft ,
soap handmade,
pets happy,
hat hard worker,
bio hazard,
hazard,
Hazelnut,
headache woman,
headache man,
headphones music,
headphones girl,
headphones computer,
headphones woman,
headphones man,
insurance health,
broken heart,
stethoscope heart,
monitor heart,
heat summer,
heater water,
heater ,
helicopter rescue,
helicopter military,
Hello,
motorcycle helmet,
helmet child,
helmet safety,
wanted help,
help ,
herb garden,
hero super,
hero super child,
highway traffic,
hiring job,
bee hive,
hobby art,
hobby music,
hobby woman,
hockey ice,
hockey player,
holiday family,
welcome home,
retirement home,
homework computer,
homework child,
honey bee,
honey ,
honey comb,
hook ,
horror background,
horse racing,
horse ,
horse vet,
hospital bed,
staff hospital,
Host,
Hostel,
hotel room,
reception hotel,
maid hotel,
blueprint house,
moving house,
build house,
build house man,
housewife,
painter house,
auction house,
household cleaning,
housing market,
housing student,
hungry child,
hungry dog,
hungry woman,
hungry man,
Hunter,
Hurricane,
wife husband,
cheating husband,
husband surprise,
hygiene dental,
hygiene food,
hygiene hand,
hygiene personal,
hangover,
house model,
ice-cream kid,
Identification,
indoor plants woman,
Induction,
Inflation,
information security,
Inhaler,
injury sports,
injury work,
knee injury,
injury head,
shoulder injury,
Inquiry,
insect repellent,
inspection car,
inspection house,
inspection home,
inspection building,
inspection safety,
Inspector,
installation electrical,
installation window,
installation solar,
installation tile,
installation floor,
installation kitchen,
instrument music,
insurance home,
insurance life,
connection internet,
interview job,
interview video,
interview radio,
Inventory,
investment property,
investment portfolio,
invitation wedding,
ironing clothes,
iron industry,
ironing board,
Irrigation,
ink splash,
Trainer sport,
jacket life,
traffic jam,
Jasmine,
jasmine rice,
Jealousy,
jelly fish,
jewelry store,
jewelry woman,
search job,
jogging man,
jogging woman,
jogging couple,
jogging beach,
Joint,
judge court,
orange juice,
watermelon juice,
juice green,
pomegranate juice,
carrot juice,
apple juice,
Tropical juice,
jumping kids,
jazz,
jail,
Karate,
Kayak,
key house,
key,
Kick,
spy kid,
bored kid,
Kidney,
Kindergarten,
kindergarten teacher,
kindergarten class,
kindergarten game,
kiss couple,
Kite,
kitten playing,
kitten woman,
Kiwi,
knee pain,
Knock,
ketchup bottle,
ketchup,
karaoke,
karaoke audio,
karaoke woman,
karaoke friends,
label food,
label clothing,
manual labor,
labor union,
labor child,
laboratory research,
laboratory medical,
Ladder,
ladder step,
lady old,
lantern chinese,
lantern sky,
laptop woman home,
laptop woman office,
laptop woman chair,
laptop woman outdoor,
laptop woman cafe,
laptop man home,
laptop man office,
laptop man chair,
laptop man outdoor,
laptop man cafe,
laptop sport,
laptop kid,
laptop parent,
laptop blank,
laser treatment,
laugh children,
laundry room,
detergent laundry,
laundry woman,
Law,
lawn care,
Lawyer laptop,
divorce lawyer,
lawyer female,
Leader ,
leader team,
leadership concept,
leak water,
leak gas,
leak pipe,
plumbing leak,
leak roof,
learning online,
learning online kid,
disability learning,
Lecture,
legal documents,
legs woman,
lime lemon,
lemon tree,
lemon background,
lemonade,
lens contact,
lesson music,
lesson english,
lesson school,
write letter,
library school,
library college,
library computer,
weights lifting,
lifting box,
lime tree,
linen bed,
live music,
live chat,
streaming live,
mortgage loan,
loan home,
loan student,
loan business,
loan car,
Lobster,
locker school,
lock door,
lock security,
lock electronic,
lottery winner,
luggage airport,
packing luggage,
lunch school,
lunch business,
lunch box,
lunch bag,
lunch meeting,
Lung,
lumberjack,
timber lumber,
lumber construction,
Loud,
speaker loud,
loud woman,
log wood,
logistics,
lipstick woman,
lipstick girl,
sewing machine,
machine washing,
operator machine,
machine vending,
Industrial machine,
Slot machine,
Printing machine,
machinery farm,
machinery construction,
machinery plant,
magician,
magic book,
magnet ,
Mail,
mail box,
maintenance car,
maintenance home,
maintenance property,
maintenance building,
maintenance garden,
maintenance computer,
makeup eye,
brushes makeup,
makeup woman,
manager project,
mango tree,
mango juice,
mango fruit,
pedicure manicure,
manicure spa,
manicure french,
manual transmission,
manufacture food,
manufacture car,
manufacture wood,
drill manufacture,
Manufacturer,
marathon running,
research market,
target market,
marriage gay,
marriage lesbian,
marriage proposal,
mask face,
mask gas,
massage therapy man,
massage therapy woman,
math background,
math class,
meal family,
butcher meat,
mechanic shop,
mechanic woman,
mechanical engineer,
medicine alternative,
medicine herbal,
meditation woman,
meditation yoga,
meditation group,
meditation business,
meditation nature,
meditation man,
meditation home,
meditation kid,
melting chocolate,
mental health,
illness mental,
menu restaurant,
Merchant,
error message,
roofing metal,
rust metal,
microbe bacteria,
microbe virus,
microphone stage,
microphone vintage,
microphone radio,
microphone woman,
microphone man,
Microscope ,
milk splash,
almond milk,
milk chocolate,
mining coal,
mirror woman,
mirror bathroom,
mobility health,
calculator money,
win money,
safe money,
donate money,
monitoring security,
morning coffee woman,
morning coffee nature,
morning coffee concept,
morning coffee cup,
morning coffee man,
morning coffee senior,
mortgage home,
mortgage rates,
son mother,
newborn mother,
tired mother,
Motorcycle,
trap mouse,
mud mask,
mushroom wild,
mushroom harvest,
mushroom man,
mushroom farm,
listening music,
Musician,
military,
Megaphone,
medical background,
menstruation,
nail salon,
nail polish,
natural cosmetics woman,
neck pain,
sewing needle,
needle thread,
needle medicine,
Negative,
neighborhood,
neighbor,
Nerve,
Nest,
net fishing,
net soccer,
net ,
networking business,
newspaper,
news fake,
broadcast news,
newsletter,
reporter news,
Nightlife,
smoking no,
yes no,
drugs no,
no money,
nose dog,
nose blowing,
smell nose,
note making,
note sticky,
note sticky business,
Notice,
nurse male,
nurse patient,
clipboard nurse,
nurse computer,
tired nurse,
Nut,
nutritionist,
Objective ,
observation,
Octopus,
special offer,
police officer,
officer security,
industry oil,
sunflower oil,
oil olive,
oil rig,
lavender oil,
coconut oil,
olive tree,
onion green ,
onion red,
shopping online woman,
shopping online man,
shopping online couple,
Operator,
Operation,
peel orange,
orange tree farmer,
Orchestra,
farming organic,
produce organic,
organic market,
Organic skincare,
organize document,
organize file,
Orphan,
Outlet,
microwave oven,
oven pizza,
oven brick,
owner business,
owner home,
owner restaurant,
owner shop,
owner dog,
owner store,
owner cat,
Oyster,
obecity,
oat,
oops,
packaging food,
packaging man,
packaging woman,
pain back,
arthritis pain,
stomach pain,
spine pain,
foot pain,
tooth pain,
Chest pain,
Pain relief,
menstruation pain,
painkiller,
paint wall man,
paint wall woman,
paint wall family,
Painter,
pan frying,
pan cooking,
panic attack,
parcel delivery,
parent child,
parent teen,
parent teacher,
Parenting,
parking lot,
parking car,
parking garage,
parking airport,
passenger airplane,
passenger train woman,
passenger train man,
passenger car,
passenger ship,
passport travel,
Pasta,
Pastor ,
pharmacist patient,
physician patient,
patient happy,
payment card,
payment online,
peach tree,
peach ,
pear tree,
pear,
pear apple,
Pearl,
Pedal,
pediatrician,
pediatrician children,
Penalty,
pen ink,
pen writing,
Pension,
pension couple,
bell pepper tree,
bell pepper background,
Percent,
perfume woman,
perfume man,
confused person,
blind person,
pet food,
grooming pet,
pet shop,
pet care,
Pet training,
Pet love,
conversation phone,
phone woman home,
phone woman outdoor,
phone woman office,
phone woman cafe,
phone man home,
phone man outdoor,
phone man office,
phone man cafe,
phone couple,
phone senior,
Photographer,
therapy physical,
disability physical,
rehabilitation physical,
physician female,
physician family,
physician man,
surgeon physician,
keyboard piano,
piano playing,
pickles,
picnic friend,
picnic summer,
pharmacy shelf,
pharmacy woman,
pharmacy man,
senior pharmacy,
peacock,
pig farm,
Pigeon ,
pile money,
pile paper,
pile wood,
pillow child,
pillow woman,
pillow man,
Pilot,
pin map,
pineapple,
pipe water,
welding pipe,
tobacco pipe,
Pizza chef,
pilates,
pills,
retirement plan,
architect plan,
marijuana plant,
recycling plastic,
Plastic pollution,
Plastic waste,
Plastic industry,
play kids,
playground,
dogs playing,
cards playing,
Player,
plug electric,
spark plug,
plumber ,
Poison,
Police ,
Polish car,
pollution water,
pollution car,
pollution air,
pool swimming kids,
pool swimming party,
pool swimming holiday,
Portal,
potato harvest,
potato farm,
potato ,
poultry ,
pouring wine,
pouring tea,
pouring milk,
pouring beer,
plant power,
Prayer,
Preacher,
pregnancy test,
pregnancy yoga,
ultrasound pregnancy,
pregnancy exercise,
pregnancy ,
pregnant woman,
pregnant couple,
Prescription,
presentation business,
Press,
blood pressure,
Priest,
primary school,
Printer,
Prison,
Prize,
processing meat,
processing food,
Processor,
produce fresh,
produce local,
Producer,
princess girl,
producer wine,
film producer,
podium,
podium speaker,
podium sport,
production line,
production food,
production video,
production music,
Professor,
programming computer,
projector,
promotion sales,
Proposal,
protein shake,
Protest,
psychology ,
speaker public,
Pulse,
Punch,
knowledge pupil,
purchase home,
purchase car,
Puzzle ,
pub,
transport public,
popcorn movie,
podcast,
question,
smoking quit,
quit job,
quiz,
rabbit farm,
winner race,
cycle race,
race car,
Racer,
Radar,
Radiation,
radio station,
Rage,
railway,
rain umbrella,
Raincoat,
ranking,
Rat,
Rating,
newspaper reading,
ebook reading,
reading book woman,
reading book man,
reading child,
reading senior,
reception wedding,
reception office,
reception clinic,
receptionist,
recipe book,
record vinyl,
record medical,
studio recording,
recording video,
recording audio,
Referee,
relax woman home,
relax woman office,
relax woman outdoor,
relax man outdoor,
relax man office,
relax man home,
relax beach,
relax spa,
remote tv,
rent house,
rent pay,
repair car,
repair computer,
report financial,
report business,
report crash,
report accident,
report man,
report woman,
Rescue,
research medical,
research business,
reserved,
resort beach,
resort ski,
waiter restaurant,
sushi restaurant,
seafood restaurant,
restaurant kitchen,
restaurant couple,
Restoration,
retail store,
checkout retail,
retail shopping,
retail woman,
savings retirement,
revenue growth,
Reward,
rice field,
rice brown,
rice white,
risk ,
road sign,
Robbery,
Rocket business,
romantic dinner,
romantic couple,
roofing,
roofer,
conference room,
ginger root,
root vegetables,
roots plant,
rubbish bin,
Rubbish truck,
Rubbish bag,
Rubbish recycling,
Rubbish pile,
rubbish street,
Rubbish waste,
running town,
Rush,
remote work woman,
remote work man,
sad child,
sad woman,
teenager sad,
sad man,
sad dog,
safe money,
safe house,
safety fire,
goggles safety,
boat sail,
Sailor,
Salary,
sale woman,
Salmon,
salt sea,
Sauna,
savings,
scanner,
Scholarship,
lab science,
scientist ,
scissors child,
Scooter,
Screw,
seat car,
top secret ,
secretary,
security guard,
sensitive skin,
Shave,
Sheep,
Shelter,
shield security,
shocked,
shoot photo,
shoot film,
Shopper,
shopping woman,
shopping man,
shopping couple,
shout child,
shout woman,
shout man,
shout megaphone,
shower baby,
shower woman,
shower man,
Shrimp,
sick bed,
feeling sick,
Signature,
Singer,
Singing,
Sister,
plus size,
skiing snow,
skiing family,
skiing woman,
skiing man,
skiing kid,
skiing friends,
skincare woman,
skincare man,
Slave,
sleep man,
sleep woman,
sleep dog,
slope ski,
smoke fire,
smoke alarm,
Soap,
Soccer,
Soda,
soil garden,
solar panel,
Soldier,
spill oil,
spoon hand,
spray paint,
foam spray,
Stadium,
Staff,
spotlight stage,
curtain stage,
concert stage,
staircase person,
stamp hand,
startup,
Steal,
Stomach,
Stop,
Storage unit,
straw farmer,
strawberry farm,
strawberry harvest,
strawberry background,
stress woman,
stress man,
stress teen,
stretching woman,
stretching man,
teacher student,
Subway,
Surgery,
surprised man,
surprised woman,
surprised baby,
surprised kid,
surprised senior,
Swimming kid,
Swimming man,
swimming woman,
seo,
server room,
server man,
server woman,
smoking woman,
smoking man,
smoking teen,
weed smoking,
sneeze,
stack paper,
stack money,
stack money,
table poker,
tablet woman home,
tablet woman office,
tablet man office,
tablet man home,
tablet kid,
tablet blank,
Taboo,
Tailor,
tap water,
tap dripping,
measure tape worker,
Target,
Tattoo,
taxi driver,
taxi ,
tea green,
tea background,
blackboard teacher,
classroom teacher,
teaching online,
tears woman,
teenager angry,
teenager bedroom,
teenager school,
teeth whitening,
teeth smile,
Tenant,
Tennis,
termites,
airport terminal,
diabetes test,
test school,
thank you,
Thief,
thinking man,
thinking women,
Throat,
thumb up,
thumb down,
tire flat,
changing tire,
tire winter,
Tobacco,
Toilet,
tomato harvest,
tomato farm,
tomato background,
Tongue,
Toothbrush,
towel woman,
toy boy,
toy girl,
Trading man,
Trophy,
Truck,
Tuna,
typewriter,
tax,
tv watching,
tote ,
toe woman,
uniform school,
uniform work,
Update,
vacation home,
vaccine child,
cleaner vacuum,
vacuum carpet,
vacuum bag,
Valve,
Vanilla ,
vegetable garden,
vegetable harvest,
vegetarian woman,
vegetarian man,
ventilation ,
veterinarian,
veterinarian dog,
veterinarian doctor,
Violin,
vitamin doctor,
Voltage,
Volunteer,
Voting,
Wage,
wake up,
walking man,
walking dog,
walking woman,
walking couple,
wardrobe woman,
warehouse worker,
warehouse data,
forklift warehouse,
inventory warehouse,
warehouse building,
Warning,
wash car,
wash face,
wash hands,
wash dishes,
pressure washing,
toxic waste,
waste food,
watermelon ,
watermelon grow,
seal wax,
waxing body,
waxing female,
waxing man,
weather cold,
weather bad,
cake wedding,
confetti wedding,
welding,
wheelchair,
wheelchair work,
wheelchair woman,
wheelchair man,
win business,
win ,
wind turbine,
vineyard wine,
winner happy,
winner prize,
Wire,
Wrap hand,
wc,
X-ray,
Yeast,
yoga class,
yoga woman,
yoga man,
zen stones,
Zucchini,
,
,
,
,
,
,
,
